[
    {
        "Text": "Bussiness applications"
    },
    {
        "Text": "Customer products"
    },
    {
        "Text": "Data exchange services"
    },
    {
        "Text": "Database"
    },
    {
        "Text": "ERP application"
    },
    {
        "Text": "Finance application"
    },
    {
        "Text": "Hardware"
    },
    {
        "Text": "Infrastructure-Hosting"
    },
    {
        "Text": "Infrastructure-Network"
    },
    {
        "Text": "Other"
    },
    {
        "Text": "TMS application"
    },
    {
        "Text": "WMS application"
    }
]